{
    "cross-validation":{
        "0": {"total_loss": 0.5216880117420345, "rmse_loss": 0.46093135259264395, "bce_loss": 0.030378329574695287 },
        "1": {"total_loss": 0.5462821639530128, "rmse_loss": 0.49193253225663004, "bce_loss": 0.02717481584819138},
        "2": {"total_loss": 0.46521882927446846, "rmse_loss": 0.41690016578050043, "bce_loss": 0.024159331746984014},
        "3": {"total_loss": 0.5537536815271697, "rmse_loss": 0.48543950791367376, "bce_loss": 0.034157086806747956},
        "4": {"total_loss": 0.5280763222894668, "rmse_loss": 0.47501879209845943, "bce_loss": 0.02652876509550368}
    },
    "evaluation_results": {
        "q1": {"total_loss": 0.4730887402325188, "rmse_loss": 0.43041470802410076, "bce_loss": 0.021337016104209024}, 
        "q2": {"total_loss": 0.4940672687545543, "rmse_loss": 0.43134642172233, "bce_loss": 0.03136042351611214}, 
        "q3": {"total_loss": 0.5575582446621549, "rmse_loss": 0.45059536519402754, "bce_loss": 0.05348143973406367}, 
        "q4": {"total_loss": 0.5994099245286502, "rmse_loss": 0.47794117340117354, "bce_loss": 0.06073437556373833}
    }
}