{
    "cross-validation":{
        "0": {"rmse_loss": 0.40193135259264395, "f1_score": 0.9934554084792235},
        "1": {"rmse_loss": 0.39193253225663004, "f1_score": 0.9878583529103946},
        "2": {"rmse_loss": 0.36690016578050043, "f1_score": 0.9850395052385357},
        "3": {"rmse_loss": 0.42543950791367376, "f1_score": 0.9860181045392754},
        "4": {"rmse_loss": 0.41501879209845943, "f1_score": 0.9790111046291824}
    },
    "evaluation_results": {
        "q1": {"rmse_loss": 0.3979564103013963, "f1_score": 0.9927449584148674}, 
        "q2": {"rmse_loss": 0.40104037886321425, "f1_score": 0.9873566983555627}, 
        "q3": {"rmse_loss": 0.420879880765717, "f1_score": 0.9778545437577718}, 
        "q4": {"rmse_loss": 0.4471054261872349, "f1_score": 0.9704032965602124}
    }
}