{
    "cross-validation":{
        "0": {"rmse_loss": 0.46093135259264395, "f1_score": 0.9834554084792235},
        "1": {"rmse_loss": 0.49193253225663004, "f1_score": 0.9868583529103946},
        "2": {"rmse_loss": 0.41690016578050043, "f1_score": 0.9850395052385357},
        "3": {"rmse_loss": 0.48543950791367376, "f1_score": 0.9870181045392754},
        "4": {"rmse_loss": 0.47501879209845943, "f1_score": 0.9890111046291824}
    },
    "evaluation_results": {
        "q1": {"rmse_loss": 0.43041470802410076, "f1_score": 0.9923130793857122}, 
        "q2": {"rmse_loss": 0.43134642172233001, "f1_score": 0.9885298440017812}, 
        "q3": {"rmse_loss": 0.45059536519402754, "f1_score": 0.9820868495755091}, 
        "q4": {"rmse_loss": 0.47794117340117354, "f1_score": 0.9799932856790213}
    }
}